source_table,source_variable,code_value,source_label,normalized_label,kg_property,kg_class,mapping_status,external_vocabulary,external_candidate_id,external_candidate_label,observed_count,source_url,notes
participants.csv,RIAGENDR,1,Male,male,cskg:hasGenderCode,cskg:Participant,source label ready,,,,479,https://wwwn.cdc.gov/Nchs/Data/Nhanes/Public/2011/DataFiles/demo_g.htm; https://wwwn.cdc.gov/nchs/Data/Nhanes/Public/2013/DataFiles/DEMO_H.htm,
participants.csv,RIAGENDR,2,Female,female,cskg:hasGenderCode,cskg:Participant,source label ready,,,,556,https://wwwn.cdc.gov/Nchs/Data/Nhanes/Public/2011/DataFiles/demo_g.htm; https://wwwn.cdc.gov/nchs/Data/Nhanes/Public/2013/DataFiles/DEMO_H.htm,
participants.csv,RIDRETH1,1,Mexican American,Mexican American,cskg:hasRaceEthnicityCode,cskg:Participant,source label ready,,,,63,https://wwwn.cdc.gov/Nchs/Data/Nhanes/Public/2011/DataFiles/demo_g.htm; https://wwwn.cdc.gov/nchs/Data/Nhanes/Public/2013/DataFiles/DEMO_H.htm,
participants.csv,RIDRETH1,2,Other Hispanic,Other Hispanic,cskg:hasRaceEthnicityCode,cskg:Participant,source label ready,,,,68,https://wwwn.cdc.gov/Nchs/Data/Nhanes/Public/2011/DataFiles/demo_g.htm; https://wwwn.cdc.gov/nchs/Data/Nhanes/Public/2013/DataFiles/DEMO_H.htm,
participants.csv,RIDRETH1,3,Non-Hispanic White,Non-Hispanic White,cskg:hasRaceEthnicityCode,cskg:Participant,source label ready,,,,669,https://wwwn.cdc.gov/Nchs/Data/Nhanes/Public/2011/DataFiles/demo_g.htm; https://wwwn.cdc.gov/nchs/Data/Nhanes/Public/2013/DataFiles/DEMO_H.htm,
participants.csv,RIDRETH1,4,Non-Hispanic Black,Non-Hispanic Black,cskg:hasRaceEthnicityCode,cskg:Participant,source label ready,,,,168,https://wwwn.cdc.gov/Nchs/Data/Nhanes/Public/2011/DataFiles/demo_g.htm; https://wwwn.cdc.gov/nchs/Data/Nhanes/Public/2013/DataFiles/DEMO_H.htm,
participants.csv,RIDRETH1,5,Other Race - Including Multi-Racial,Other Race - Including Multi-Racial,cskg:hasRaceEthnicityCode,cskg:Participant,source label ready,,,,67,https://wwwn.cdc.gov/Nchs/Data/Nhanes/Public/2011/DataFiles/demo_g.htm; https://wwwn.cdc.gov/nchs/Data/Nhanes/Public/2013/DataFiles/DEMO_H.htm,
participants.csv,RIDRETH3,1,Mexican American,Mexican American,cskg:hasRaceEthnicityCode,cskg:Participant,source label ready,,,,63,https://wwwn.cdc.gov/Nchs/Data/Nhanes/Public/2011/DataFiles/demo_g.htm; https://wwwn.cdc.gov/nchs/Data/Nhanes/Public/2013/DataFiles/DEMO_H.htm,
participants.csv,RIDRETH3,2,Other Hispanic,Other Hispanic,cskg:hasRaceEthnicityCode,cskg:Participant,source label ready,,,,68,https://wwwn.cdc.gov/Nchs/Data/Nhanes/Public/2011/DataFiles/demo_g.htm; https://wwwn.cdc.gov/nchs/Data/Nhanes/Public/2013/DataFiles/DEMO_H.htm,
participants.csv,RIDRETH3,3,Non-Hispanic White,Non-Hispanic White,cskg:hasRaceEthnicityCode,cskg:Participant,source label ready,,,,669,https://wwwn.cdc.gov/Nchs/Data/Nhanes/Public/2011/DataFiles/demo_g.htm; https://wwwn.cdc.gov/nchs/Data/Nhanes/Public/2013/DataFiles/DEMO_H.htm,
participants.csv,RIDRETH3,4,Non-Hispanic Black,Non-Hispanic Black,cskg:hasRaceEthnicityCode,cskg:Participant,source label ready,,,,168,https://wwwn.cdc.gov/Nchs/Data/Nhanes/Public/2011/DataFiles/demo_g.htm; https://wwwn.cdc.gov/nchs/Data/Nhanes/Public/2013/DataFiles/DEMO_H.htm,
participants.csv,RIDRETH3,6,Non-Hispanic Asian,Non-Hispanic Asian,cskg:hasRaceEthnicityCode,cskg:Participant,source label ready,,,,46,https://wwwn.cdc.gov/Nchs/Data/Nhanes/Public/2011/DataFiles/demo_g.htm; https://wwwn.cdc.gov/nchs/Data/Nhanes/Public/2013/DataFiles/DEMO_H.htm,
participants.csv,RIDRETH3,7,Other Race - Including Multi-Racial,Other Race - Including Multi-Racial,cskg:hasRaceEthnicityCode,cskg:Participant,source label ready,,,,21,https://wwwn.cdc.gov/Nchs/Data/Nhanes/Public/2011/DataFiles/demo_g.htm; https://wwwn.cdc.gov/nchs/Data/Nhanes/Public/2013/DataFiles/DEMO_H.htm,
participants.csv,MCQ220,1,Yes,yes,cskg:hasCancerHistoryCode,cskg:Participant,source label ready,,,,1035,https://wwwn.cdc.gov/Nchs/Data/Nhanes/Public/2011/DataFiles/MCQ_G.htm; https://wwwn.cdc.gov/Nchs/Data/Nhanes/Public/2013/DataFiles/MCQ_H.htm,Cancer history is self-reported; not registry-confirmed.
participants.csv,MCQ220,2,No,no,cskg:hasCancerHistoryCode,cskg:Participant,source label ready,,,,0,https://wwwn.cdc.gov/Nchs/Data/Nhanes/Public/2011/DataFiles/MCQ_G.htm; https://wwwn.cdc.gov/Nchs/Data/Nhanes/Public/2013/DataFiles/MCQ_H.htm,Cancer history is self-reported; not registry-confirmed.
participants.csv,MCQ220,7,Refused,refused,cskg:hasCancerHistoryCode,cskg:Participant,source label ready,,,,0,https://wwwn.cdc.gov/Nchs/Data/Nhanes/Public/2011/DataFiles/MCQ_G.htm; https://wwwn.cdc.gov/Nchs/Data/Nhanes/Public/2013/DataFiles/MCQ_H.htm,Cancer history is self-reported; not registry-confirmed.
participants.csv,MCQ220,9,Don't know,don't know,cskg:hasCancerHistoryCode,cskg:Participant,source label ready,,,,0,https://wwwn.cdc.gov/Nchs/Data/Nhanes/Public/2011/DataFiles/MCQ_G.htm; https://wwwn.cdc.gov/Nchs/Data/Nhanes/Public/2013/DataFiles/MCQ_H.htm,Cancer history is self-reported; not registry-confirmed.
cancer_diagnoses.csv,cancer_type_code,10,Bladder,bladder,cskg:hasCancerTypeCode,cskg:CancerDiagnosis,source label ready; NCIt pending,NCIt,,Bladder cancer,26,https://wwwn.cdc.gov/Nchs/Data/Nhanes/Public/2011/DataFiles/MCQ_G.htm; https://wwwn.cdc.gov/Nchs/Data/Nhanes/Public/2013/DataFiles/MCQ_H.htm,NHANES source label mapped; exact NCIt concept ID still requires ontology review.
cancer_diagnoses.csv,cancer_type_code,11,Blood,blood,cskg:hasCancerTypeCode,cskg:CancerDiagnosis,source label ready; NCIt pending,NCIt,,Blood cancer,5,https://wwwn.cdc.gov/Nchs/Data/Nhanes/Public/2011/DataFiles/MCQ_G.htm; https://wwwn.cdc.gov/Nchs/Data/Nhanes/Public/2013/DataFiles/MCQ_H.htm,NHANES source label mapped; exact NCIt concept ID still requires ontology review.
cancer_diagnoses.csv,cancer_type_code,12,Bone,bone,cskg:hasCancerTypeCode,cskg:CancerDiagnosis,source label ready; NCIt pending,NCIt,,Bone cancer,8,https://wwwn.cdc.gov/Nchs/Data/Nhanes/Public/2011/DataFiles/MCQ_G.htm; https://wwwn.cdc.gov/Nchs/Data/Nhanes/Public/2013/DataFiles/MCQ_H.htm,NHANES source label mapped; exact NCIt concept ID still requires ontology review.
cancer_diagnoses.csv,cancer_type_code,13,Brain,brain,cskg:hasCancerTypeCode,cskg:CancerDiagnosis,source label ready; NCIt pending,NCIt,,Brain cancer,6,https://wwwn.cdc.gov/Nchs/Data/Nhanes/Public/2011/DataFiles/MCQ_G.htm; https://wwwn.cdc.gov/Nchs/Data/Nhanes/Public/2013/DataFiles/MCQ_H.htm,NHANES source label mapped; exact NCIt concept ID still requires ontology review.
cancer_diagnoses.csv,cancer_type_code,14,Breast,breast,cskg:hasCancerTypeCode,cskg:CancerDiagnosis,source label ready; NCIt pending,NCIt,,Breast cancer,168,https://wwwn.cdc.gov/Nchs/Data/Nhanes/Public/2011/DataFiles/MCQ_G.htm; https://wwwn.cdc.gov/Nchs/Data/Nhanes/Public/2013/DataFiles/MCQ_H.htm,NHANES source label mapped; exact NCIt concept ID still requires ontology review.
cancer_diagnoses.csv,cancer_type_code,15,Cervix (cervical),cervix (cervical),cskg:hasCancerTypeCode,cskg:CancerDiagnosis,source label ready; NCIt pending,NCIt,,Cervix (cervical) cancer,70,https://wwwn.cdc.gov/Nchs/Data/Nhanes/Public/2011/DataFiles/MCQ_G.htm; https://wwwn.cdc.gov/Nchs/Data/Nhanes/Public/2013/DataFiles/MCQ_H.htm,NHANES source label mapped; exact NCIt concept ID still requires ontology review.
cancer_diagnoses.csv,cancer_type_code,16,Colon,colon,cskg:hasCancerTypeCode,cskg:CancerDiagnosis,source label ready; NCIt pending,NCIt,,Colon cancer,68,https://wwwn.cdc.gov/Nchs/Data/Nhanes/Public/2011/DataFiles/MCQ_G.htm; https://wwwn.cdc.gov/Nchs/Data/Nhanes/Public/2013/DataFiles/MCQ_H.htm,NHANES source label mapped; exact NCIt concept ID still requires ontology review.
cancer_diagnoses.csv,cancer_type_code,17,Esophagus (esophageal),esophagus (esophageal),cskg:hasCancerTypeCode,cskg:CancerDiagnosis,source label ready; NCIt pending,NCIt,,Esophagus (esophageal) cancer,8,https://wwwn.cdc.gov/Nchs/Data/Nhanes/Public/2011/DataFiles/MCQ_G.htm; https://wwwn.cdc.gov/Nchs/Data/Nhanes/Public/2013/DataFiles/MCQ_H.htm,NHANES source label mapped; exact NCIt concept ID still requires ontology review.
cancer_diagnoses.csv,cancer_type_code,18,Gallbladder,gallbladder,cskg:hasCancerTypeCode,cskg:CancerDiagnosis,source label ready; NCIt pending,NCIt,,Gallbladder cancer,0,https://wwwn.cdc.gov/Nchs/Data/Nhanes/Public/2011/DataFiles/MCQ_G.htm; https://wwwn.cdc.gov/Nchs/Data/Nhanes/Public/2013/DataFiles/MCQ_H.htm,NHANES source label mapped; exact NCIt concept ID still requires ontology review.
cancer_diagnoses.csv,cancer_type_code,19,Kidney,kidney,cskg:hasCancerTypeCode,cskg:CancerDiagnosis,source label ready; NCIt pending,NCIt,,Kidney cancer,22,https://wwwn.cdc.gov/Nchs/Data/Nhanes/Public/2011/DataFiles/MCQ_G.htm; https://wwwn.cdc.gov/Nchs/Data/Nhanes/Public/2013/DataFiles/MCQ_H.htm,NHANES source label mapped; exact NCIt concept ID still requires ontology review.
cancer_diagnoses.csv,cancer_type_code,20,Larynx/ windpipe,larynx or  windpipe,cskg:hasCancerTypeCode,cskg:CancerDiagnosis,source label ready; NCIt pending,NCIt,,Larynx/ windpipe cancer,10,https://wwwn.cdc.gov/Nchs/Data/Nhanes/Public/2011/DataFiles/MCQ_G.htm; https://wwwn.cdc.gov/Nchs/Data/Nhanes/Public/2013/DataFiles/MCQ_H.htm,NHANES source label mapped; exact NCIt concept ID still requires ontology review.
cancer_diagnoses.csv,cancer_type_code,21,Leukemia,leukemia,cskg:hasCancerTypeCode,cskg:CancerDiagnosis,source label ready; NCIt pending,NCIt,,Leukemia,7,https://wwwn.cdc.gov/Nchs/Data/Nhanes/Public/2011/DataFiles/MCQ_G.htm; https://wwwn.cdc.gov/Nchs/Data/Nhanes/Public/2013/DataFiles/MCQ_H.htm,NHANES source label mapped; exact NCIt concept ID still requires ontology review.
cancer_diagnoses.csv,cancer_type_code,22,Liver,liver,cskg:hasCancerTypeCode,cskg:CancerDiagnosis,source label ready; NCIt pending,NCIt,,Liver cancer,6,https://wwwn.cdc.gov/Nchs/Data/Nhanes/Public/2011/DataFiles/MCQ_G.htm; https://wwwn.cdc.gov/Nchs/Data/Nhanes/Public/2013/DataFiles/MCQ_H.htm,NHANES source label mapped; exact NCIt concept ID still requires ontology review.
cancer_diagnoses.csv,cancer_type_code,23,Lung,lung,cskg:hasCancerTypeCode,cskg:CancerDiagnosis,source label ready; NCIt pending,NCIt,,Lung cancer,35,https://wwwn.cdc.gov/Nchs/Data/Nhanes/Public/2011/DataFiles/MCQ_G.htm; https://wwwn.cdc.gov/Nchs/Data/Nhanes/Public/2013/DataFiles/MCQ_H.htm,NHANES source label mapped; exact NCIt concept ID still requires ontology review.
cancer_diagnoses.csv,cancer_type_code,24,Lymphoma/ Hodgkin's disease,lymphoma or  hodgkin's disease,cskg:hasCancerTypeCode,cskg:CancerDiagnosis,source label ready; NCIt pending,NCIt,,Lymphoma or Hodgkin disease,26,https://wwwn.cdc.gov/Nchs/Data/Nhanes/Public/2011/DataFiles/MCQ_G.htm; https://wwwn.cdc.gov/Nchs/Data/Nhanes/Public/2013/DataFiles/MCQ_H.htm,NHANES source label mapped; exact NCIt concept ID still requires ontology review.
cancer_diagnoses.csv,cancer_type_code,25,Melanoma,melanoma,cskg:hasCancerTypeCode,cskg:CancerDiagnosis,source label ready; NCIt pending,NCIt,,Melanoma,75,https://wwwn.cdc.gov/Nchs/Data/Nhanes/Public/2011/DataFiles/MCQ_G.htm; https://wwwn.cdc.gov/Nchs/Data/Nhanes/Public/2013/DataFiles/MCQ_H.htm,NHANES source label mapped; exact NCIt concept ID still requires ontology review.
cancer_diagnoses.csv,cancer_type_code,26,Mouth/tongue/lip,mouth or tongue or lip,cskg:hasCancerTypeCode,cskg:CancerDiagnosis,source label ready; NCIt pending,NCIt,,Mouth/tongue/lip cancer,5,https://wwwn.cdc.gov/Nchs/Data/Nhanes/Public/2011/DataFiles/MCQ_G.htm; https://wwwn.cdc.gov/Nchs/Data/Nhanes/Public/2013/DataFiles/MCQ_H.htm,NHANES source label mapped; exact NCIt concept ID still requires ontology review.
cancer_diagnoses.csv,cancer_type_code,27,Nervous system,nervous system,cskg:hasCancerTypeCode,cskg:CancerDiagnosis,source label ready; NCIt pending,NCIt,,Nervous system cancer,0,https://wwwn.cdc.gov/Nchs/Data/Nhanes/Public/2011/DataFiles/MCQ_G.htm; https://wwwn.cdc.gov/Nchs/Data/Nhanes/Public/2013/DataFiles/MCQ_H.htm,NHANES source label mapped; exact NCIt concept ID still requires ontology review.
cancer_diagnoses.csv,cancer_type_code,28,Ovary (ovarian),ovary (ovarian),cskg:hasCancerTypeCode,cskg:CancerDiagnosis,source label ready; NCIt pending,NCIt,,Ovary (ovarian) cancer,22,https://wwwn.cdc.gov/Nchs/Data/Nhanes/Public/2011/DataFiles/MCQ_G.htm; https://wwwn.cdc.gov/Nchs/Data/Nhanes/Public/2013/DataFiles/MCQ_H.htm,NHANES source label mapped; exact NCIt concept ID still requires ontology review.
cancer_diagnoses.csv,cancer_type_code,29,Pancreas (pancreatic),pancreas (pancreatic),cskg:hasCancerTypeCode,cskg:CancerDiagnosis,source label ready; NCIt pending,NCIt,,Pancreas (pancreatic) cancer,7,https://wwwn.cdc.gov/Nchs/Data/Nhanes/Public/2011/DataFiles/MCQ_G.htm; https://wwwn.cdc.gov/Nchs/Data/Nhanes/Public/2013/DataFiles/MCQ_H.htm,NHANES source label mapped; exact NCIt concept ID still requires ontology review.
cancer_diagnoses.csv,cancer_type_code,30,Prostate,prostate,cskg:hasCancerTypeCode,cskg:CancerDiagnosis,source label ready; NCIt pending,NCIt,,Prostate cancer,157,https://wwwn.cdc.gov/Nchs/Data/Nhanes/Public/2011/DataFiles/MCQ_G.htm; https://wwwn.cdc.gov/Nchs/Data/Nhanes/Public/2013/DataFiles/MCQ_H.htm,NHANES source label mapped; exact NCIt concept ID still requires ontology review.
cancer_diagnoses.csv,cancer_type_code,31,Rectum (rectal),rectum (rectal),cskg:hasCancerTypeCode,cskg:CancerDiagnosis,source label ready; NCIt pending,NCIt,,Rectum (rectal) cancer,6,https://wwwn.cdc.gov/Nchs/Data/Nhanes/Public/2011/DataFiles/MCQ_G.htm; https://wwwn.cdc.gov/Nchs/Data/Nhanes/Public/2013/DataFiles/MCQ_H.htm,NHANES source label mapped; exact NCIt concept ID still requires ontology review.
cancer_diagnoses.csv,cancer_type_code,32,Skin (non-melanoma),skin (non-melanoma),cskg:hasCancerTypeCode,cskg:CancerDiagnosis,source label ready; NCIt pending,NCIt,,Skin (non-melanoma) cancer,166,https://wwwn.cdc.gov/Nchs/Data/Nhanes/Public/2011/DataFiles/MCQ_G.htm; https://wwwn.cdc.gov/Nchs/Data/Nhanes/Public/2013/DataFiles/MCQ_H.htm,NHANES source label mapped; exact NCIt concept ID still requires ontology review.
cancer_diagnoses.csv,cancer_type_code,33,Skin (don't know what kind),skin (don't know what kind),cskg:hasCancerTypeCode,cskg:CancerDiagnosis,source label ready; needs expert/ontology review,NCIt,,,95,https://wwwn.cdc.gov/Nchs/Data/Nhanes/Public/2011/DataFiles/MCQ_G.htm; https://wwwn.cdc.gov/Nchs/Data/Nhanes/Public/2013/DataFiles/MCQ_H.htm,NHANES source label is ambiguous and should not be mapped to a precise cancer concept without review.
cancer_diagnoses.csv,cancer_type_code,34,Soft tissue (muscle or fat),soft tissue (muscle or fat),cskg:hasCancerTypeCode,cskg:CancerDiagnosis,source label ready; NCIt pending,NCIt,,Soft tissue (muscle or fat) cancer,4,https://wwwn.cdc.gov/Nchs/Data/Nhanes/Public/2011/DataFiles/MCQ_G.htm; https://wwwn.cdc.gov/Nchs/Data/Nhanes/Public/2013/DataFiles/MCQ_H.htm,NHANES source label mapped; exact NCIt concept ID still requires ontology review.
cancer_diagnoses.csv,cancer_type_code,35,Stomach,stomach,cskg:hasCancerTypeCode,cskg:CancerDiagnosis,source label ready; NCIt pending,NCIt,,Stomach cancer,12,https://wwwn.cdc.gov/Nchs/Data/Nhanes/Public/2011/DataFiles/MCQ_G.htm; https://wwwn.cdc.gov/Nchs/Data/Nhanes/Public/2013/DataFiles/MCQ_H.htm,NHANES source label mapped; exact NCIt concept ID still requires ontology review.
cancer_diagnoses.csv,cancer_type_code,36,Testis (testicular),testis (testicular),cskg:hasCancerTypeCode,cskg:CancerDiagnosis,source label ready; NCIt pending,NCIt,,Testis (testicular) cancer,8,https://wwwn.cdc.gov/Nchs/Data/Nhanes/Public/2011/DataFiles/MCQ_G.htm; https://wwwn.cdc.gov/Nchs/Data/Nhanes/Public/2013/DataFiles/MCQ_H.htm,NHANES source label mapped; exact NCIt concept ID still requires ontology review.
cancer_diagnoses.csv,cancer_type_code,37,Thyroid,thyroid,cskg:hasCancerTypeCode,cskg:CancerDiagnosis,source label ready; NCIt pending,NCIt,,Thyroid cancer,26,https://wwwn.cdc.gov/Nchs/Data/Nhanes/Public/2011/DataFiles/MCQ_G.htm; https://wwwn.cdc.gov/Nchs/Data/Nhanes/Public/2013/DataFiles/MCQ_H.htm,NHANES source label mapped; exact NCIt concept ID still requires ontology review.
cancer_diagnoses.csv,cancer_type_code,38,Uterus (uterine),uterus (uterine),cskg:hasCancerTypeCode,cskg:CancerDiagnosis,source label ready; NCIt pending,NCIt,,Uterus (uterine) cancer,40,https://wwwn.cdc.gov/Nchs/Data/Nhanes/Public/2011/DataFiles/MCQ_G.htm; https://wwwn.cdc.gov/Nchs/Data/Nhanes/Public/2013/DataFiles/MCQ_H.htm,NHANES source label mapped; exact NCIt concept ID still requires ontology review.
cancer_diagnoses.csv,cancer_type_code,39,Other,other,cskg:hasCancerTypeCode,cskg:CancerDiagnosis,source label ready; needs expert/ontology review,NCIt,,,62,https://wwwn.cdc.gov/Nchs/Data/Nhanes/Public/2011/DataFiles/MCQ_G.htm; https://wwwn.cdc.gov/Nchs/Data/Nhanes/Public/2013/DataFiles/MCQ_H.htm,NHANES source label is ambiguous and should not be mapped to a precise cancer concept without review.
cancer_diagnoses.csv,cancer_type_code,66,More than 3 kinds,more than 3 kinds,cskg:hasCancerTypeCode,cskg:CancerDiagnosis,source label ready; needs expert/ontology review,NCIt,,,2,https://wwwn.cdc.gov/Nchs/Data/Nhanes/Public/2011/DataFiles/MCQ_G.htm; https://wwwn.cdc.gov/Nchs/Data/Nhanes/Public/2013/DataFiles/MCQ_H.htm,NHANES source label is ambiguous and should not be mapped to a precise cancer concept without review.
cancer_diagnoses.csv,cancer_type_code,77,Refused,refused,cskg:hasCancerTypeCode,cskg:CancerDiagnosis,source label ready; needs expert/ontology review,NCIt,,,0,https://wwwn.cdc.gov/Nchs/Data/Nhanes/Public/2011/DataFiles/MCQ_G.htm; https://wwwn.cdc.gov/Nchs/Data/Nhanes/Public/2013/DataFiles/MCQ_H.htm,NHANES source label is ambiguous and should not be mapped to a precise cancer concept without review.
cancer_diagnoses.csv,cancer_type_code,99,Don't know,don't know,cskg:hasCancerTypeCode,cskg:CancerDiagnosis,source label ready; needs expert/ontology review,NCIt,,,0,https://wwwn.cdc.gov/Nchs/Data/Nhanes/Public/2011/DataFiles/MCQ_G.htm; https://wwwn.cdc.gov/Nchs/Data/Nhanes/Public/2013/DataFiles/MCQ_H.htm,NHANES source label is ambiguous and should not be mapped to a precise cancer concept without review.
participants.csv,PAXHAND,1,Yes (non-dominant hand),Yes (non-dominant hand),cskg:hasDevicePlacementCode,sosa:Sensor,source label ready,,,,865,https://wwwn.cdc.gov/Nchs/Data/Nhanes/Public/2011/DataFiles/PAXHD_G.htm,Default placement was non-dominant wrist when identifiable.
participants.csv,PAXHAND,2,No (dominant hand),No (dominant hand),cskg:hasDevicePlacementCode,sosa:Sensor,source label ready,,,,13,https://wwwn.cdc.gov/Nchs/Data/Nhanes/Public/2011/DataFiles/PAXHD_G.htm,Default placement was non-dominant wrist when identifiable.
participants.csv,PAXHAND,9,Unknown,Unknown,cskg:hasDevicePlacementCode,sosa:Sensor,source label ready,,,,0,https://wwwn.cdc.gov/Nchs/Data/Nhanes/Public/2011/DataFiles/PAXHD_G.htm,Default placement was non-dominant wrist when identifiable.
participants.csv,PAXHAND,<blank>,Missing,Missing,cskg:hasDevicePlacementCode,sosa:Sensor,source label ready,,,,157,https://wwwn.cdc.gov/Nchs/Data/Nhanes/Public/2011/DataFiles/PAXHD_G.htm,Default placement was non-dominant wrist when identifiable.
participants.csv,PAXORENT,1,Dorsal,Dorsal,cskg:hasDeviceOrientationCode,sosa:Sensor,source label ready,,,,873,https://wwwn.cdc.gov/Nchs/Data/Nhanes/Public/2011/DataFiles/PAXHD_G.htm,Surface orientation of the wrist PAM.
participants.csv,PAXORENT,2,Palmar,Palmar,cskg:hasDeviceOrientationCode,sosa:Sensor,source label ready,,,,5,https://wwwn.cdc.gov/Nchs/Data/Nhanes/Public/2011/DataFiles/PAXHD_G.htm,Surface orientation of the wrist PAM.
participants.csv,PAXORENT,<blank>,Missing,Missing,cskg:hasDeviceOrientationCode,sosa:Sensor,source label ready,,,,157,https://wwwn.cdc.gov/Nchs/Data/Nhanes/Public/2011/DataFiles/PAXHD_G.htm,Surface orientation of the wrist PAM.
pam_days.csv,PAXDAYWD,1,Sunday,Sunday,cskg:dayOfWeekCode,cskg:DailyMovementSummary,source label ready,,,,1155,https://wwwn.cdc.gov/Nchs/Data/Nhanes/Public/2011/DataFiles/PAXDAY_G.htm,
pam_days.csv,PAXDAYWD,2,Monday,Monday,cskg:dayOfWeekCode,cskg:DailyMovementSummary,source label ready,,,,1137,https://wwwn.cdc.gov/Nchs/Data/Nhanes/Public/2011/DataFiles/PAXDAY_G.htm,
pam_days.csv,PAXDAYWD,3,Tuesday,Tuesday,cskg:dayOfWeekCode,cskg:DailyMovementSummary,source label ready,,,,1099,https://wwwn.cdc.gov/Nchs/Data/Nhanes/Public/2011/DataFiles/PAXDAY_G.htm,
pam_days.csv,PAXDAYWD,4,Wednesday,Wednesday,cskg:dayOfWeekCode,cskg:DailyMovementSummary,source label ready,,,,1077,https://wwwn.cdc.gov/Nchs/Data/Nhanes/Public/2011/DataFiles/PAXDAY_G.htm,
pam_days.csv,PAXDAYWD,5,Thursday,Thursday,cskg:dayOfWeekCode,cskg:DailyMovementSummary,source label ready,,,,1085,https://wwwn.cdc.gov/Nchs/Data/Nhanes/Public/2011/DataFiles/PAXDAY_G.htm,
pam_days.csv,PAXDAYWD,6,Friday,Friday,cskg:dayOfWeekCode,cskg:DailyMovementSummary,source label ready,,,,1079,https://wwwn.cdc.gov/Nchs/Data/Nhanes/Public/2011/DataFiles/PAXDAY_G.htm,
pam_days.csv,PAXDAYWD,7,Saturday,Saturday,cskg:dayOfWeekCode,cskg:DailyMovementSummary,source label ready,,,,1153,https://wwwn.cdc.gov/Nchs/Data/Nhanes/Public/2011/DataFiles/PAXDAY_G.htm,
pam_minutes.csv,PAXPREDM,1,Wake wear,Wake wear,cskg:predictedWearStateCode,sosa:Observation,source label ready,,,,5426442,https://wwwn.cdc.gov/Nchs/Data/Nhanes/Public/2011/DataFiles/PAXMIN_G.htm,Machine-learning estimated wake/sleep/non-wear state during the minute.
pam_minutes.csv,PAXPREDM,2,Sleep wear,Sleep wear,cskg:predictedWearStateCode,sosa:Observation,source label ready,,,,3393430,https://wwwn.cdc.gov/Nchs/Data/Nhanes/Public/2011/DataFiles/PAXMIN_G.htm,Machine-learning estimated wake/sleep/non-wear state during the minute.
pam_minutes.csv,PAXPREDM,3,Non wear,Non wear,cskg:predictedWearStateCode,sosa:Observation,source label ready,,,,705022,https://wwwn.cdc.gov/Nchs/Data/Nhanes/Public/2011/DataFiles/PAXMIN_G.htm,Machine-learning estimated wake/sleep/non-wear state during the minute.
pam_minutes.csv,PAXPREDM,4,Unknown,Unknown,cskg:predictedWearStateCode,sosa:Observation,source label ready,,,,425014,https://wwwn.cdc.gov/Nchs/Data/Nhanes/Public/2011/DataFiles/PAXMIN_G.htm,Machine-learning estimated wake/sleep/non-wear state during the minute.
pam_minutes.csv,PAXQFM,0,No data quality flags occurred,No data quality flags occurred,cskg:qualityFlagScore,cskg:QualityFlagScore,source label ready,,,,9943858,https://wwwn.cdc.gov/Nchs/Data/Nhanes/Public/2011/DataFiles/PAXMIN_G.htm,Zero-like NHANES floating values are normalized to 0 in this mapping.
pam_minutes.csv,PAXQFM,>0,One or more data quality flags occurred,One or more data quality flags occurred,cskg:qualityFlagScore,cskg:QualityFlagScore,source label ready,,,,6050,https://wwwn.cdc.gov/Nchs/Data/Nhanes/Public/2011/DataFiles/PAXMIN_G.htm,"Values greater than zero indicate invalid minute under QC review; this is a score, not simply invalid-minute count at day level."
pam_minutes.csv,PAXFLGSM,A,Occurrence of spikes on x-axis,Occurrence of spikes on x-axis,cskg:qualityFlagLabels,cskg:QualityFlagLabelSet,source label ready,,,,129,https://wwwn.cdc.gov/Nchs/Data/Nhanes/Public/2011/DataFiles/PAXMIN_G.htm,PAXFLGSM can contain multiple letters in one minute; observed_count counts rows containing this letter.
pam_minutes.csv,PAXFLGSM,B,Occurrence of spikes on y-axis,Occurrence of spikes on y-axis,cskg:qualityFlagLabels,cskg:QualityFlagLabelSet,source label ready,,,,83,https://wwwn.cdc.gov/Nchs/Data/Nhanes/Public/2011/DataFiles/PAXMIN_G.htm,PAXFLGSM can contain multiple letters in one minute; observed_count counts rows containing this letter.
pam_minutes.csv,PAXFLGSM,C,Occurrence of spikes on z-axis,Occurrence of spikes on z-axis,cskg:qualityFlagLabels,cskg:QualityFlagLabelSet,source label ready,,,,113,https://wwwn.cdc.gov/Nchs/Data/Nhanes/Public/2011/DataFiles/PAXMIN_G.htm,PAXFLGSM can contain multiple letters in one minute; observed_count counts rows containing this letter.
pam_minutes.csv,PAXFLGSM,D,Occurrence of maximum g_values on the x-axis,Occurrence of maximum g_values on the x-axis,cskg:qualityFlagLabels,cskg:QualityFlagLabelSet,source label ready,,,,0,https://wwwn.cdc.gov/Nchs/Data/Nhanes/Public/2011/DataFiles/PAXMIN_G.htm,PAXFLGSM can contain multiple letters in one minute; observed_count counts rows containing this letter.
pam_minutes.csv,PAXFLGSM,E,Occurrence of maximum g_values on the y-axis,Occurrence of maximum g_values on the y-axis,cskg:qualityFlagLabels,cskg:QualityFlagLabelSet,source label ready,,,,1,https://wwwn.cdc.gov/Nchs/Data/Nhanes/Public/2011/DataFiles/PAXMIN_G.htm,PAXFLGSM can contain multiple letters in one minute; observed_count counts rows containing this letter.
pam_minutes.csv,PAXFLGSM,F,Occurrence of maximum g_values on the z-axis,Occurrence of maximum g_values on the z-axis,cskg:qualityFlagLabels,cskg:QualityFlagLabelSet,source label ready,,,,9,https://wwwn.cdc.gov/Nchs/Data/Nhanes/Public/2011/DataFiles/PAXMIN_G.htm,PAXFLGSM can contain multiple letters in one minute; observed_count counts rows containing this letter.
pam_minutes.csv,PAXFLGSM,G,Occurrence of minimum g_values on the x-axis,Occurrence of minimum g_values on the x-axis,cskg:qualityFlagLabels,cskg:QualityFlagLabelSet,source label ready,,,,24,https://wwwn.cdc.gov/Nchs/Data/Nhanes/Public/2011/DataFiles/PAXMIN_G.htm,PAXFLGSM can contain multiple letters in one minute; observed_count counts rows containing this letter.
pam_minutes.csv,PAXFLGSM,H,Occurrence of minimum g_values on the y-axis,Occurrence of minimum g_values on the y-axis,cskg:qualityFlagLabels,cskg:QualityFlagLabelSet,source label ready,,,,5,https://wwwn.cdc.gov/Nchs/Data/Nhanes/Public/2011/DataFiles/PAXMIN_G.htm,PAXFLGSM can contain multiple letters in one minute; observed_count counts rows containing this letter.
pam_minutes.csv,PAXFLGSM,I,Occurrence of minimum g_values on the z-axis,Occurrence of minimum g_values on the z-axis,cskg:qualityFlagLabels,cskg:QualityFlagLabelSet,source label ready,,,,5,https://wwwn.cdc.gov/Nchs/Data/Nhanes/Public/2011/DataFiles/PAXMIN_G.htm,PAXFLGSM can contain multiple letters in one minute; observed_count counts rows containing this letter.
pam_minutes.csv,PAXFLGSM,J,Occurrence of contiguous maximum g_values on the x-axis,Occurrence of contiguous maximum g_values on the x-axis,cskg:qualityFlagLabels,cskg:QualityFlagLabelSet,source label ready,,,,1,https://wwwn.cdc.gov/Nchs/Data/Nhanes/Public/2011/DataFiles/PAXMIN_G.htm,PAXFLGSM can contain multiple letters in one minute; observed_count counts rows containing this letter.
pam_minutes.csv,PAXFLGSM,K,Occurrence of contiguous maximum g_values on the y-axis,Occurrence of contiguous maximum g_values on the y-axis,cskg:qualityFlagLabels,cskg:QualityFlagLabelSet,source label ready,,,,3,https://wwwn.cdc.gov/Nchs/Data/Nhanes/Public/2011/DataFiles/PAXMIN_G.htm,PAXFLGSM can contain multiple letters in one minute; observed_count counts rows containing this letter.
pam_minutes.csv,PAXFLGSM,L,Occurrence of contiguous maximum g_values on the z-axis,Occurrence of contiguous maximum g_values on the z-axis,cskg:qualityFlagLabels,cskg:QualityFlagLabelSet,source label ready,,,,18,https://wwwn.cdc.gov/Nchs/Data/Nhanes/Public/2011/DataFiles/PAXMIN_G.htm,PAXFLGSM can contain multiple letters in one minute; observed_count counts rows containing this letter.
pam_minutes.csv,PAXFLGSM,M,Occurrence of contiguous minimum g_values on the x-axis,Occurrence of contiguous minimum g_values on the x-axis,cskg:qualityFlagLabels,cskg:QualityFlagLabelSet,source label ready,,,,25,https://wwwn.cdc.gov/Nchs/Data/Nhanes/Public/2011/DataFiles/PAXMIN_G.htm,PAXFLGSM can contain multiple letters in one minute; observed_count counts rows containing this letter.
pam_minutes.csv,PAXFLGSM,N,Occurrence of contiguous minimum g_values on the y-axis,Occurrence of contiguous minimum g_values on the y-axis,cskg:qualityFlagLabels,cskg:QualityFlagLabelSet,source label ready,,,,4,https://wwwn.cdc.gov/Nchs/Data/Nhanes/Public/2011/DataFiles/PAXMIN_G.htm,PAXFLGSM can contain multiple letters in one minute; observed_count counts rows containing this letter.
pam_minutes.csv,PAXFLGSM,O,Occurrence of contiguous minimum g_values on the z-axis,Occurrence of contiguous minimum g_values on the z-axis,cskg:qualityFlagLabels,cskg:QualityFlagLabelSet,source label ready,,,,5,https://wwwn.cdc.gov/Nchs/Data/Nhanes/Public/2011/DataFiles/PAXMIN_G.htm,PAXFLGSM can contain multiple letters in one minute; observed_count counts rows containing this letter.
pam_minutes.csv,PAXFLGSM,P,Occurrence of contiguous impossible g_values for gravity,Occurrence of contiguous impossible g_values for gravity,cskg:qualityFlagLabels,cskg:QualityFlagLabelSet,source label ready,,,,3464,https://wwwn.cdc.gov/Nchs/Data/Nhanes/Public/2011/DataFiles/PAXMIN_G.htm,PAXFLGSM can contain multiple letters in one minute; observed_count counts rows containing this letter.
pam_minutes.csv,PAXFLGSM,Q,"Occurrence of contiguous adjacent zero values on the x-, y-, or z-axis","Occurrence of contiguous adjacent zero values on the x-, y-, or z-axis",cskg:qualityFlagLabels,cskg:QualityFlagLabelSet,source label ready,,,,480,https://wwwn.cdc.gov/Nchs/Data/Nhanes/Public/2011/DataFiles/PAXMIN_G.htm,PAXFLGSM can contain multiple letters in one minute; observed_count counts rows containing this letter.
pam_minutes.csv,PAXFLGSM,R,"Occurrence of contiguous adjacent identical non-zero values on the x-, y-, or z-axis","Occurrence of contiguous adjacent identical non-zero values on the x-, y-, or z-axis",cskg:qualityFlagLabels,cskg:QualityFlagLabelSet,source label ready,,,,241,https://wwwn.cdc.gov/Nchs/Data/Nhanes/Public/2011/DataFiles/PAXMIN_G.htm,PAXFLGSM can contain multiple letters in one minute; observed_count counts rows containing this letter.
pam_minutes.csv,PAXFLGSM,S,Occurrence of spikes on the x-axis in 1-second intervals,Occurrence of spikes on the x-axis in 1-second intervals,cskg:qualityFlagLabels,cskg:QualityFlagLabelSet,source label ready,,,,15,https://wwwn.cdc.gov/Nchs/Data/Nhanes/Public/2011/DataFiles/PAXMIN_G.htm,PAXFLGSM can contain multiple letters in one minute; observed_count counts rows containing this letter.
pam_minutes.csv,PAXFLGSM,T,Occurrence of spikes on the y-axis in 1-second intervals,Occurrence of spikes on the y-axis in 1-second intervals,cskg:qualityFlagLabels,cskg:QualityFlagLabelSet,source label ready,,,,13,https://wwwn.cdc.gov/Nchs/Data/Nhanes/Public/2011/DataFiles/PAXMIN_G.htm,PAXFLGSM can contain multiple letters in one minute; observed_count counts rows containing this letter.
pam_minutes.csv,PAXFLGSM,U,Occurrence of spikes on the z-axis in 1-second intervals,Occurrence of spikes on the z-axis in 1-second intervals,cskg:qualityFlagLabels,cskg:QualityFlagLabelSet,source label ready,,,,7,https://wwwn.cdc.gov/Nchs/Data/Nhanes/Public/2011/DataFiles/PAXMIN_G.htm,PAXFLGSM can contain multiple letters in one minute; observed_count counts rows containing this letter.
pam_minutes.csv,PAXFLGSM,V,Adjacent measures to periods of invalid data,Adjacent measures to periods of invalid data,cskg:qualityFlagLabels,cskg:QualityFlagLabelSet,source label ready,,,,1693,https://wwwn.cdc.gov/Nchs/Data/Nhanes/Public/2011/DataFiles/PAXMIN_G.htm,PAXFLGSM can contain multiple letters in one minute; observed_count counts rows containing this letter.
pam_minutes.csv,PAXFLGSM,W,Interval jump in measurements on the x-axis,Interval jump in measurements on the x-axis,cskg:qualityFlagLabels,cskg:QualityFlagLabelSet,source label ready,,,,35,https://wwwn.cdc.gov/Nchs/Data/Nhanes/Public/2011/DataFiles/PAXMIN_G.htm,PAXFLGSM can contain multiple letters in one minute; observed_count counts rows containing this letter.
pam_minutes.csv,PAXFLGSM,X,Interval jump in measurements on the y-axis,Interval jump in measurements on the y-axis,cskg:qualityFlagLabels,cskg:QualityFlagLabelSet,source label ready,,,,38,https://wwwn.cdc.gov/Nchs/Data/Nhanes/Public/2011/DataFiles/PAXMIN_G.htm,PAXFLGSM can contain multiple letters in one minute; observed_count counts rows containing this letter.
pam_minutes.csv,PAXFLGSM,Y,Interval jump in measurements on the z-axis,Interval jump in measurements on the z-axis,cskg:qualityFlagLabels,cskg:QualityFlagLabelSet,source label ready,,,,37,https://wwwn.cdc.gov/Nchs/Data/Nhanes/Public/2011/DataFiles/PAXMIN_G.htm,PAXFLGSM can contain multiple letters in one minute; observed_count counts rows containing this letter.
pam_minutes.csv,PAXFLGSM,<blank>,No quality flag label recorded,No quality flag label recorded,cskg:qualityFlagLabels,cskg:QualityFlagLabelSet,source label ready,,,,9943858,https://wwwn.cdc.gov/Nchs/Data/Nhanes/Public/2011/DataFiles/PAXMIN_G.htm,Blank minutes have no quality flag label string.
