Source,Variable,Label,Device location,Unit,Harmonised construct,Compatibility status,Interpretation limit
nhanes_2011_2014_wrist_mims,PAXMTSD,Daily total MIMS,wrist,MIMS,daily movement volume,source-specific metric; not directly convertible,Do not apply hip counts/minute intensity thresholds to MIMS.
nhanes_2011_2014_wrist_mims,PAXWWMD,Valid wake wear minutes,wrist,minute,valid wear completeness,compatible after protocol abstraction,Completeness rule only; not an activity classification.
nhanes_2011_2014_wrist_mims,PAXVMD,Valid minutes,wrist,minute,valid data completeness,compatible after protocol abstraction,Does not encode intensity.
synthetic_hip_counts_demo,daily_total_vertical_axis_counts,Daily total vertical-axis counts,hip,count,daily movement volume,source-specific metric; not directly convertible,Not comparable as a numeric equivalent of MIMS.
synthetic_hip_counts_demo,valid_wear_minutes,Valid wear minutes,hip,minute,valid wear completeness,compatible after protocol abstraction,Completeness rule only; not an activity classification.
synthetic_hip_counts_demo,mvpa_minutes_1952_cpm,MVPA minutes by 1952 counts/minute cut point,hip,minute,source-defined activity intensity,not harmonisable with NHANES wrist MIMS in current KG,Requires hip counts/minute protocol context.
synthetic_hip_counts_demo,sedentary_minutes_100_cpm,Sedentary minutes by 100 counts/minute cut point,hip,minute,source-defined sedentary classification,not harmonisable with NHANES wrist MIMS in current KG,Requires hip counts/minute protocol context.
nhanes_2003_2006_hip_actigraph_pam,PAXINTEN,ActiGraph AM-7164 hip-worn activity counts per 1-minute epoch,hip,device-specific activity counts/minute,daily movement volume,broad construct only; numeric equivalence blocked,"Do not convert hip ActiGraph counts to wrist MIMS. Do not treat cut-points, MVPA, sedentary time, or total volume as numerically equivalent without protocol-specific validation."
nhanes_2005_2006_hip_actigraph_pam,PAXSTEP,ActiGraph AM-7164 hip-worn step count per 1-minute epoch,hip,steps/minute,daily ambulatory volume,source-specific step metric; no conversion from/to MIMS,"Steps can be summarized as a real ambulatory metric, but cannot be inferred from NHANES 2011-2014 wrist MIMS and cannot validate MIMS-to-steps conversion."
